{
    "moneyline_accuracy": 0.6666666666666666,
    "spread_rmse": 15.091690586407454,
    "totals_rmse": 15.676223440115013
}