{"random_forest": 0.7316102785174857, "xgboost_moneyline": 0.2683897214825143}