{"random_forest": 0.7315999702997636, "xgboost_moneyline": 0.2684000297002364}